{"cameraMode":{"drawMode":0,"name":"Shaded","section":"Shading Mode"},"sceneLighting":true,"audioPlay":false,"sceneViewState":{"m_AlwaysRefresh":false,"showFog":true,"showSkybox":false,"showFlares":true,"showImageEffects":true,"showParticleSystems":true,"showVisualEffectGraphs":true,"m_FxEnabled":true},"in2DMode":false,"pivot":{"x":0.7923777103424072,"y":0.6562144756317139,"z":1.9566597938537598},"rotation":{"x":0.0754452645778656,"y":-0.20169781148433686,"z":0.015586623921990395,"w":0.9764601588249207},"size":1.5270648002624512,"orthographic":false}