{"cameraMode":{"drawMode":0,"name":"Shaded","section":"Shading Mode"},"sceneLighting":true,"audioPlay":false,"sceneViewState":{"m_AlwaysRefresh":false,"showFog":true,"showSkybox":false,"showFlares":true,"showImageEffects":true,"showParticleSystems":true,"showVisualEffectGraphs":true,"m_FxEnabled":true},"in2DMode":false,"pivot":{"x":37.037330627441409,"y":-20.740018844604493,"z":0.6803764700889587},"rotation":{"x":0.1942535936832428,"y":0.6795598268508911,"z":-0.19402079284191132,"w":0.6803669929504395},"size":22.740291595458986,"orthographic":false}